name_stock,weighted_sentiment
AAPL,-0.033199034852639156
AMZN,-0.0365516973032068
MSFT,-0.070201862713362
TSLA,-0.1092196473254251
